{
  "id": "1_I7",
  "max_components": 10,
  "num_components": 9,
  "weights": [
    0.03278688518533715,
    0.21311475858860213,
    0.13114753731982118,
    0.08343350058079972,
    0.16369662660058473,
    0.09694909634256092,
    0.03278688524576707,
    0.06557376604806565,
    0.1805109440884614
  ],
  "means": [
    [
      -2.9999999999999964,
      116.99999999999987
    ],
    [
      -0.5384615069206241,
      143.3076921736964
    ],
    [
      -0.625000069273931,
      129.8750000668405
    ],
    [
      10.249151856483627,
      118.42806000964968
    ],
    [
      1.7019962172889236,
      121.29097192480364
    ],
    [
      -0.026939992269025652,
      110.35893355621876
    ],
    [
      -10.999999999999988,
      132.99999999999986
    ],
    [
      2.0000000677554257,
      135.9999999322445
    ],
    [
      -0.45394208375680317,
      118.19506536101153
    ]
  ],
  "covariances": [
    [
      [
        1e-06,
        -4.543838814073023e-28
      ],
      [
        -4.543838814073023e-28,
        1e-06
      ]
    ],
    [
      [
        10.402367695485744,
        4.088757114047391
      ],
      [
        4.088757114047391,
        4.213019520286803
      ]
    ],
    [
      [
        3.734375927626255,
        -2.328124904303523
      ],
      [
        -2.328124904303523,
        2.3593759623763706
      ]
    ],
    [
      [
        9.765946232149894,
        11.830039696848324
      ],
      [
        11.830039696848324,
        14.862127034277774
      ]
    ],
    [
      [
        2.4111731614849656,
        -0.7950194493992864
      ],
      [
        -0.7950194493992864,
        1.2359614487715493
      ]
    ],
    [
      [
        0.9594413012843671,
        -0.9747181076193071
      ],
      [
        -0.9747181076193071,
        3.24137158191379
      ]
    ],
    [
      [
        1e-06,
        -1.7670484276950647e-27
      ],
      [
        -1.7670484276950647e-27,
        1e-06
      ]
    ],
    [
      [
        1.0000009999999948,
        -0.9999999999999948
      ],
      [
        -0.9999999999999948,
        1.0000009999999948
      ]
    ],
    [
      [
        0.9740704589566033,
        -0.9996457977692317
      ],
      [
        -0.9996457977692317,
        2.366853509903749
      ]
    ]
  ]
}