{
  "id": "1_I9",
  "max_components": 10,
  "num_components": 8,
  "weights": [
    0.0666666756950728,
    0.3711279891855003,
    0.026666666666666686,
    0.08000000000127275,
    0.16123678229428132,
    0.13972267775591238,
    0.10124588664845303,
    0.053333321752840675
  ],
  "means": [
    [
      1.5999991437126173,
      127.0000005290081
    ],
    [
      -0.4107838716626902,
      113.37857916768009
    ],
    [
      -10.39999999999999,
      135.59999999999985
    ],
    [
      10.066666666570136,
      130.39999999991406
    ],
    [
      1.435175827014586,
      116.90530666984057
    ],
    [
      1.2460461340034963,
      110.72171191661735
    ],
    [
      -2.552044080289767,
      120.17870944173366
    ],
    [
      -3.0000000433007434,
      131.2000003464059
    ]
  ],
  "covariances": [
    [
      [
        1.440003948390111,
        -1.2000016450884177
      ],
      [
        -1.2000016450884174,
        1.2000018654061737
      ]
    ],
    [
      [
        2.54154502861616,
        1.1583074733568468
      ],
      [
        1.1583074733568468,
        2.06391915836516
      ]
    ],
    [
      [
        1e-06,
        -1.514612938024341e-27
      ],
      [
        -1.514612938024341e-27,
        1e-06
      ]
    ],
    [
      [
        0.7022232227966761,
        0.62000000051141
      ],
      [
        0.62000000051141,
        0.6066676671210061
      ]
    ],
    [
      [
        1.365764218995682,
        -0.4003804245088785
      ],
      [
        -0.4003804245088785,
        0.45672391991247085
      ]
    ],
    [
      [
        1.8555653721071514,
        1.6798169196745545
      ],
      [
        1.6798169196745545,
        6.16956666820372
      ]
    ],
    [
      [
        5.163123907828876,
        -2.421514939395593
      ],
      [
        -2.421514939395593,
        1.9494135758278015
      ]
    ],
    [
      [
        0.04000099999999817,
        -0.3199999999999868
      ],
      [
        -0.3199999999999868,
        2.560000999999906
      ]
    ]
  ]
}