{
  "id": "1_W1",
  "max_components": 10,
  "num_components": 9,
  "weights": [
    0.07980474403781516,
    0.16844282580330586,
    0.08919414178125905,
    0.09195629297250399,
    0.11133316446543134,
    0.02298850574712645,
    0.20803085248517328,
    0.0459770114075436,
    0.18227246129984118
  ],
  "means": [
    [
      1.6045827621987019,
      202.71916019874237
    ],
    [
      -2.1662097407440575,
      182.37356189457378
    ],
    [
      -0.22774688168180027,
      173.71364940646373
    ],
    [
      0.750094407911751,
      157.25052849178394
    ],
    [
      5.456083938409934,
      194.80773170426693
    ],
    [
      -17.99999999999998,
      186.9999999999998
    ],
    [
      3.4826385161464586,
      185.52006884999642
    ],
    [
      1.999999999999999,
      213.2500000022006
    ],
    [
      -2.6553779511370386,
      194.83981270196745
    ]
  ],
  "covariances": [
    [
      [
        24.560689150473642,
        3.4519310370576317
      ],
      [
        3.451931037057631,
        0.4900291951740762
      ]
    ],
    [
      [
        3.6396590054862017,
        -1.3445670990618446
      ],
      [
        -1.3445670990618448,
        3.610915389739074
      ]
    ],
    [
      [
        2.383818162417026,
        3.8397396496655323
      ],
      [
        3.839739649665533,
        8.837430440393465
      ]
    ],
    [
      [
        2.1878392940922886,
        5.314424162845546
      ],
      [
        5.314424162845546,
        23.698271744915164
      ]
    ],
    [
      [
        5.196893960224914,
        -4.860908446923575
      ],
      [
        -4.860908446923576,
        7.5610814776997355
      ]
    ],
    [
      [
        1e-06,
        -4.2409162264681544e-27
      ],
      [
        -4.2409162264681544e-27,
        1e-06
      ]
    ],
    [
      [
        4.258931956180426,
        -5.687797822377352
      ],
      [
        -5.687797822377351,
        12.534660403676067
      ]
    ],
    [
      [
        1e-06,
        1.1605095928181203e-28
      ],
      [
        1.1604883494785683e-28,
        2.687501002317627
      ]
    ],
    [
      [
        4.570883024752486,
        2.9214802149210657
      ],
      [
        2.9214802149210657,
        11.906745922370849
      ]
    ]
  ]
}