{
  "id": "Ryan_I7",
  "max_components": 10,
  "num_components": 4,
  "weights": [
    0.21976203280272424,
    0.04918032708696215,
    0.4383359579178035,
    0.2927216821925101
  ],
  "means": [
    [
      31.585515302957027,
      161.8700089215969
    ],
    [
      -0.966666732634785,
      54.06666658487566
    ],
    [
      -2.817233066906607,
      173.02393324998985
    ],
    [
      4.307199291695275,
      148.8156093053963
    ]
  ],
  "covariances": [
    [
      [
        47.67395553963746,
        -17.814507422843946
      ],
      [
        -17.81450742284395,
        116.74499134255893
      ]
    ],
    [
      [
        22.882223277171494,
        17.204444337178483
      ],
      [
        17.204444337178483,
        17.935556351185166
      ]
    ],
    [
      [
        113.2933583289679,
        -26.293914608796744
      ],
      [
        -26.293914608796744,
        26.22088181512552
      ]
    ],
    [
      [
        127.48977719167365,
        16.989996612431103
      ],
      [
        16.989996612431106,
        235.6108603521201
      ]
    ]
  ]
}