{
  "id": "2_I7",
  "max_components": 10,
  "num_components": 8,
  "weights": [
    0.09756949146423281,
    0.19670797181809316,
    0.048780385507648516,
    0.29483648658765654,
    0.11483559704145925,
    0.17409933587771734,
    0.048780487800778635,
    0.02439024390241375
  ],
  "means": [
    [
      7.888837499451702,
      126.07629064151928
    ],
    [
      -11.671385101839698,
      119.33251875233071
    ],
    [
      -18.849999266015924,
      135.90000859809902
    ],
    [
      -0.7306072628933791,
      114.66620389206625
    ],
    [
      -6.497651231205758,
      137.32278078418202
    ],
    [
      -2.5502298068172156,
      125.51862945377992
    ],
    [
      -29.300000000067218,
      139.55000000030665
    ],
    [
      -21.599999999999977,
      114.69999999999987
    ]
  ],
  "covariances": [
    [
      [
        9.806822168593952,
        -5.938525242778277
      ],
      [
        -5.938525242778277,
        5.5456438149291865
      ]
    ],
    [
      [
        5.139415381317667,
        -2.0766291919758895
      ],
      [
        -2.076629191975889,
        9.308343292039826
      ]
    ],
    [
      [
        0.12250099999946096,
        1.4349999999936849
      ],
      [
        1.4349999999936849,
        16.810000999926018
      ]
    ],
    [
      [
        5.9205480402995905,
        -2.238381260538696
      ],
      [
        -2.238381260538696,
        9.581948701607901
      ]
    ],
    [
      [
        21.422188007901326,
        19.282496844066603
      ],
      [
        19.282496844066603,
        20.88724754009215
      ]
    ],
    [
      [
        19.723764722900068,
        -8.104391041490267
      ],
      [
        -8.104391041490267,
        4.650511795653229
      ]
    ],
    [
      [
        0.6400010000000009,
        -2.919999999999994
      ],
      [
        -2.919999999999994,
        13.322500999999932
      ]
    ],
    [
      [
        1e-06,
        -3.180687169851116e-27
      ],
      [
        -3.180687169851116e-27,
        1e-06
      ]
    ]
  ]
}