{
  "id": "2_W1",
  "max_components": 10,
  "num_components": 2,
  "weights": [
    0.5181193104703833,
    0.48188068952961666
  ],
  "means": [
    [
      4.564123218259658,
      202.39868206550813
    ],
    [
      -0.9142301362206712,
      175.50679295877188
    ]
  ],
  "covariances": [
    [
      [
        157.2595071615883,
        -1.419975667920393
      ],
      [
        -1.419975667920393,
        150.98199351462014
      ]
    ],
    [
      [
        27.045223299301615,
        -10.392213439328655
      ],
      [
        -10.392213439328655,
        294.8900480499824
      ]
    ]
  ]
}