{
  "id": "3_I7",
  "max_components": 10,
  "num_components": 2,
  "weights": [
    0.3446103520473801,
    0.6553896479526199
  ],
  "means": [
    [
      -0.16809044920637678,
      115.38487176584556
    ],
    [
      -0.3950958972446667,
      132.41981557277458
    ]
  ],
  "covariances": [
    [
      [
        5.7208356810713346,
        0.13235726926935423
      ],
      [
        0.1323572692693543,
        13.099916397865153
      ]
    ],
    [
      [
        30.986429258604506,
        -19.807508677732166
      ],
      [
        -19.807508677732166,
        80.06382468631972
      ]
    ]
  ]
}