{
  "id": "3_W1",
  "max_components": 10,
  "num_components": 5,
  "weights": [
    0.31306788306894395,
    0.176289837819625,
    0.08860325094268004,
    0.3474566159936034,
    0.07458241217514766
  ],
  "means": [
    [
      -2.3921095334955895,
      199.30707798933582
    ],
    [
      1.9224542209412567,
      223.70533603062634
    ],
    [
      1.1238327670263621,
      184.54026322240512
    ],
    [
      0.2180661484455112,
      209.42690114402367
    ],
    [
      -1.0504789062599365,
      174.2957482290506
    ]
  ],
  "covariances": [
    [
      [
        9.724420095496834,
        -0.7622421579036519
      ],
      [
        -0.7622421579036518,
        16.64272414155635
      ]
    ],
    [
      [
        34.90715170830739,
        -6.434350020699454
      ],
      [
        -6.434350020699452,
        23.351118672862313
      ]
    ],
    [
      [
        5.225652815180847,
        5.42480546213934
      ],
      [
        5.42480546213934,
        14.979409803574805
      ]
    ],
    [
      [
        26.147986954340865,
        -8.27928056937923
      ],
      [
        -8.27928056937923,
        15.152614727491734
      ]
    ],
    [
      [
        4.262011930605205,
        -12.271125973406292
      ],
      [
        -12.271125973406292,
        91.0783462687489
      ]
    ]
  ]
}