{
  "id": "Griffin_I7",
  "max_components": 10,
  "num_components": 7,
  "weights": [
    0.17779654978705708,
    0.12848427015020975,
    0.10246122373496304,
    0.30271114791039017,
    0.09867336221118005,
    0.04999939226164195,
    0.13987405394455793
  ],
  "means": [
    [
      -9.426695150941066,
      143.48040410952325
    ],
    [
      1.9831880670031274,
      57.15216732955099
    ],
    [
      2.8829208871210703,
      115.40941453775798
    ],
    [
      -14.38493244448003,
      96.29748904333952
    ],
    [
      0.9920428722257518,
      23.239404081387338
    ],
    [
      22.399795142617638,
      122.16645894886564
    ],
    [
      22.180331349244128,
      140.7922722366116
    ]
  ],
  "covariances": [
    [
      [
        78.6239927773032,
        12.4635708119419
      ],
      [
        12.463570811941903,
        27.110493347081295
      ]
    ],
    [
      [
        57.25814950123515,
        87.46996180255265
      ],
      [
        87.46996180255265,
        228.8711580081246
      ]
    ],
    [
      [
        13.431289345747034,
        -26.545400393323867
      ],
      [
        -26.545400393323867,
        109.3985263377375
      ]
    ],
    [
      [
        14.2144078013394,
        -30.682432056372683
      ],
      [
        -30.682432056372683,
        510.3691289235297
      ]
    ],
    [
      [
        56.88395802211514,
        4.061245056987782
      ],
      [
        4.061245056987782,
        8.53955485599504
      ]
    ],
    [
      [
        14.532905281657367,
        16.68012735486317
      ],
      [
        16.680127354863174,
        20.356287654917608
      ]
    ],
    [
      [
        270.2156958746235,
        21.956951658901414
      ],
      [
        21.956951658901417,
        9.337596266014495
      ]
    ]
  ]
}